key,value
A,sap
A,savor
A,sandwich
A,sour
A,simmer
A,scour
A,scout
A,scamper
A,sap
A,sap
A,sap
A,sap
A,sap
A,sap
A,sap
A,sap
A,sap
A,sap
A,sap
A,sap
A,sap
A,sap
A,sap
A,sap
A,sap
A,sap
A,sap
A,sap
A,sap
A,sap
A,savor
A,sandwich
A,sour
A,simmer
A,scour
A,scout
A,scamper
A,savor
A,sandwich
A,sour
A,simmer
A,scour
A,scout
A,scamper
A,savor
A,sandwich
A,sour
A,simmer
A,scour
A,scout
A,scamper
A,savor
A,sandwich
A,sour
A,simmer
A,scour
A,scout
A,scamper
A,savor
A,sandwich
A,sour
A,simmer
A,scour
A,scout
A,scamper
A,savor
A,sandwich
A,sour
A,simmer
A,scour
A,scout
A,scamper
A,savor
A,sandwich
A,sour
A,simmer
A,scour
A,scout
A,scamper
A,savor
A,sandwich
A,sour
A,simmer
A,scour
A,scout
A,scamper
A,savor
A,sandwich
A,sour
A,simmer
A,scour
A,scout
A,scamper
A,savor
A,sandwich
A,sour
A,simmer
A,scour
A,scout
A,scamper
A,savor
A,sandwich
A,sour
A,simmer
A,scour
A,scout
A,scamper
A,savor
A,sandwich
A,sour
A,simmer
A,scour
A,scout
A,scamper
A,savor
A,sandwich
A,sour
A,simmer
A,scour
A,scout
A,scamper
A,savor
A,sandwich
A,sour
A,simmer
A,scour
A,scout
A,scamper
A,savor
A,sandwich
A,sour
A,simmer
A,scour
A,scout
A,scamper
A,savor
A,sandwich
A,sour
A,simmer
A,scour
A,scout
A,scamper
A,savor
A,sandwich
A,sour
A,simmer
A,scour
A,scout
A,scamper
A,savor
A,sandwich
A,sour
A,simmer
A,scour
A,scout
A,scamper
A,savor
A,sandwich
A,sour
A,simmer
A,scour
A,scout
A,scamper
A,savor
A,sandwich
A,sour
A,simmer
A,scour
A,scout
A,scamper
A,savor
A,sandwich
A,sour
A,simmer
A,scour
A,scout
A,scamper
A,sap
A,sap
A,sap
A,sap
A,sap
A,sap
A,sap
A,sap
A,sap
A,sap
A,sap
A,sap
A,sap
A,sap
A,sap
A,sap
A,sap
A,sap
A,sap
A,sap
A,sap
A,sap
A,sap
A,sap
A,sap
A,sap
A,sap
A,sap
A,sap
A,sap
A,sap
A,sap
A,savor
A,sandwich
A,sour
A,simmer
A,scour
A,scout
A,scamper
A,savor
A,sandwich
A,sour
A,simmer
A,scour
A,scout
A,scamper
A,savor
A,sandwich
A,sour
A,simmer
A,scour
A,scout
A,scamper
A,savor
A,sandwich
A,sour
A,simmer
A,scour
A,scout
A,scamper
A,savor
A,sandwich
A,sour
A,simmer
A,scour
A,scout
A,scamper
A,savor
A,sandwich
A,sour
A,simmer
A,scour
A,scout
A,scamper
A,savor
A,sandwich
A,sour
A,simmer
A,scour
A,scout
A,scamper
A,savor
A,sandwich
A,sour
A,simmer
A,scour
A,scout
A,scamper
A,savor
A,sandwich
A,sour
A,simmer
A,scour
A,scout
A,scamper
A,savor
A,sandwich
A,sour
A,simmer
A,scour
A,scout
A,scamper
A,savor
A,sandwich
A,sour
A,simmer
A,scour
A,scout
A,scamper
A,savor
A,sandwich
A,sour
A,simmer
A,scour
A,scout
A,scamper
A,savor
A,sandwich
A,sour
A,simmer
A,scour
A,scout
A,scamper
A,savor
A,sandwich
A,sour
A,simmer
A,scour
A,scout
A,scamper
A,savor
A,sandwich
A,sour
A,simmer
A,scour
A,scout
A,scamper
A,savor
A,sandwich
A,sour
A,simmer
A,scour
A,scout
A,scamper
A,savor
A,sandwich
A,sour
A,simmer
A,scour
A,scout
A,scamper
A,savor
A,sandwich
A,sour
A,simmer
A,scour
A,scout
A,scamper
A,savor
A,sandwich
A,sour
A,simmer
A,scour
A,scout
A,scamper
A,savor
A,sandwich
A,sour
A,simmer
A,scour
A,scout
A,scamper
A,savor
A,sandwich
A,sour
A,simmer
A,scour
A,scout
A,scamper
A,savor
A,sandwich
A,sour
A,simmer
A,scour
A,scout
A,scamper
A,savor
A,sandwich
A,sour
A,simmer
A,scour
A,scout
A,scamper
A,savor
A,sandwich
A,sour
A,simmer
A,scour
A,scout
A,scamper
A,savor
A,sandwich
A,sour
A,simmer
A,scour
A,scout
A,scamper
A,savor
A,sandwich
A,sour
A,simmer
A,scour
A,scout
A,scamper
A,savor
A,sandwich
A,sour
A,simmer
A,scour
A,scout
A,scamper
A,savor
A,sandwich
A,sour
A,simmer
A,scour
A,scout
A,scamper
A,savor
A,sandwich
A,sour
A,simmer
A,scour
A,scout
A,scamper
A,savor
A,sandwich
A,sour
A,simmer
A,scour
A,scout
A,scamper
A,savor
A,sandwich
A,sour
A,simmer
A,scour
A,scout
A,scamper
A,savor
A,sandwich
A,sour
A,simmer
A,scour
A,scout
A,scamper
A,savor
A,sandwich
A,sour
A,simmer
A,scour
A,scout
A,scamper
B,saber
B,saber
B,saber
B,saber
B,saber
B,saber
B,saber
B,saber
B,saber
B,saber
B,saber
B,sabbath
B,sabbath
B,sabbath
B,sabbath
B,sabbath
B,sabbath
B,sabbath
B,sabbath
B,sabbath
B,sabbath
B,sabbath
C,scream
C,scare
C,science
C,scream
C,scream
C,scream
C,scream
C,scream
C,scream
C,scream
C,scream
C,scream
C,scream
C,scream
C,scream
C,scream
C,scream
C,scream
C,scream
C,scream
C,scream
C,scream
C,scream
C,scream
C,scream
C,scream
C,scream
C,scream
C,scream
C,scream
C,scream
C,scream
C,scream
C,scare
C,science
C,scare
C,science
C,scare
C,science
C,scare
C,science
C,scare
C,science
C,scare
C,science
C,scare
C,science
C,scare
C,science
C,scare
C,science
C,scare
C,science
C,scare
C,science
C,scare
C,science
C,scare
C,science
C,scare
C,science
C,scare
C,science
C,scare
C,science
C,scare
C,science
C,scare
C,science
C,scare
C,science
C,scare
C,science
C,scare
C,science
C,scare
C,science
C,scare
C,science
C,scare
C,science
C,scare
C,science
C,scare
C,science
C,scare
C,science
C,scare
C,science
C,scare
C,science
C,scare
C,science
D,under
D,unveil
D,upper
D,under
D,under
D,under
D,under
D,under
D,under
D,under
D,under
D,under
D,under
D,under
D,under
D,under
D,under
D,under
D,under
D,under
D,under
D,under
D,under
D,under
D,under
D,under
D,under
D,under
D,under
D,under
D,under
D,under
D,under
D,under
D,under
D,unveil
D,upper
D,unveil
D,upper
D,unveil
D,upper
D,unveil
D,upper
D,unveil
D,upper
D,unveil
D,upper
D,unveil
D,upper
D,unveil
D,upper
D,unveil
D,upper
D,unveil
D,upper
D,unveil
D,upper
D,unveil
D,upper
D,unveil
D,upper
D,unveil
D,upper
D,unveil
D,upper
D,unveil
D,upper
D,unveil
D,upper
D,unveil
D,upper
D,unveil
D,upper
D,unveil
D,upper
D,unveil
D,upper
D,unveil
D,upper
D,unveil
D,upper
D,unveil
D,upper
D,unveil
D,upper
D,unveil
D,upper
D,unveil
D,upper
D,unveil
D,upper
D,unveil
D,upper
D,unveil
D,upper
D,unveil
D,upper
D,unveil
D,upper
